<?xml version="1.0" encoding="UTF-8" ?>
<XMLDB PATH="mod/generativeaiv2/db" VERSION="20241107" COMMENT="XMLDB file for Moodle mod_generativeaiv2"
    xmlns:xsi="http://www.w3.org/2001/XMLSchema-instance"
    xsi:noNamespaceSchemaLocation="../../../lib/xmldb/xmldb.xsd"
>
  <TABLES>
    <TABLE NAME="generativeaiv2" COMMENT="Stores the generativeaiv2 activity module instances.">
      <FIELDS>
        <FIELD NAME="id" TYPE="int" LENGTH="10" NOTNULL="true" SEQUENCE="true"/>
        <FIELD NAME="course" TYPE="int" LENGTH="10" NOTNULL="true" SEQUENCE="false" COMMENT="ID of the course this activity is part of."/>
        <FIELD NAME="name" TYPE="char" LENGTH="255" NOTNULL="true" SEQUENCE="false" COMMENT="The name of the activity module instance"/>
        <FIELD NAME="topic" TYPE="char" LENGTH="255" NOTNULL="true" SEQUENCE="false" COMMENT="The topic of this activity module instance"/>
        <FIELD NAME="start_difficulty" TYPE="int" LENGTH="10" NOTNULL="true" SEQUENCE="false" COMMENT="The level of difficulty initially assigned to this activity."/>
        <FIELD NAME="context_level" TYPE="text" NOTNULL="true" SEQUENCE="false" COMMENT="The level at which evaluation should be done"/>
        <FIELD NAME="contextinfo" TYPE="text" NOTNULL="false" SEQUENCE="false" COMMENT="More information about the selected context level"/>
        <FIELD NAME="additional_info" TYPE="text" NOTNULL="true" SEQUENCE="false" COMMENT="Additional information to be included in the prompt."/>
        <FIELD NAME="max_questions" TYPE="int" LENGTH="10" NOTNULL="true" SEQUENCE="false" COMMENT="The maximum number of questions to be generated."/>
        <FIELD NAME="time_limit" TYPE="number" LENGTH="10" NOTNULL="true" SEQUENCE="false" COMMENT="The time limit for taking the quiz"/>      
        <FIELD NAME="api_key" TYPE="text" NOTNULL="false" SEQUENCE="false" COMMENT="chatgpt api key"/>
        <FIELD NAME="model_options" TYPE="text" NOTNULL="true" SEQUENCE="false" COMMENT="model choosen for generating questions"/>
        <FIELD NAME="timecreated" TYPE="int" LENGTH="10" NOTNULL="true" DEFAULT="0" SEQUENCE="false" COMMENT="Timestamp of when the instance was added to the course."/>
        <FIELD NAME="timemodified" TYPE="int" LENGTH="10" NOTNULL="true" DEFAULT="0" SEQUENCE="false" COMMENT="Timestamp of when the instance was last modified."/>
        <FIELD NAME="intro" TYPE="text" NOTNULL="false" SEQUENCE="false" COMMENT="Activity description."/>
        <FIELD NAME="introformat" TYPE="int" LENGTH="4" NOTNULL="true" DEFAULT="0" SEQUENCE="false" COMMENT="The format of the intro FIELD."/>
      </FIELDS>
      <KEYS>
        <KEY NAME="primary" TYPE="primary" FIELDS="id"/>
        <KEY NAME="fk_course" TYPE="foreign" FIELDS="course" REFTABLE="course" REFFIELDS="id"/>
      </KEYS>
    </TABLE>
    <TABLE NAME="generativeaiv2_questions" COMMENT="Stores generated questions for generative AI V2 quiz plugin">
        <FIELDS>
            <FIELD NAME="id" TYPE="int" LENGTH="10" NOTNULL="true" SEQUENCE="true" COMMENT="Question ID"/>
            <FIELD NAME="quizid" TYPE="int" LENGTH="10" NOTNULL="true" SEQUENCE="false" COMMENT="Quiz instance ID"/>
            <FIELD NAME="userid" TYPE="int" LENGTH="10" NOTNULL="true" SEQUENCE="false" COMMENT="User ID"/>
            <FIELD NAME="question_text" TYPE="text" NOTNULL="true" SEQUENCE="false" COMMENT="Generated question text"/>
            <FIELD NAME="choice1" TYPE="text" NOTNULL="true" SEQUENCE="false" COMMENT="First choice"/>
            <FIELD NAME="choice2" TYPE="text" NOTNULL="true" SEQUENCE="false" COMMENT="Second choice"/>
            <FIELD NAME="choice3" TYPE="text" NOTNULL="true" SEQUENCE="false" COMMENT="Third choice"/>
            <FIELD NAME="choice4" TYPE="text" NOTNULL="true" SEQUENCE="false" COMMENT="Fourth choice"/>
            <FIELD NAME="correct_answer" TYPE="int" LENGTH="2" NOTNULL="true" SEQUENCE="false" COMMENT="Index of the correct answer (1 to 4)"/>
            <FIELD NAME="approval_status" TYPE="int" LENGTH="2" NOTNULL="true" SEQUENCE="false" COMMENT="The question approval status"/>
            <FIELD NAME="status" TYPE="text" NOTNULL="true" DEFAULT="pending" SEQUENCE="false" COMMENT="Question status"/>
            <FIELD NAME="timecreated" TYPE="int" LENGTH="10" NOTNULL="true" SEQUENCE="false" COMMENT="Timestamp of question creation"/>
        </FIELDS>
        <KEYS>
            <KEY NAME="primary" TYPE="primary" FIELDS="id"/>
        </KEYS>
    </TABLE>
    <TABLE NAME="generativeaiv2_user_response" COMMENT="Stores the generative ai V2 quiz user responses.">
      <FIELDS>
        <FIELD NAME="id" TYPE="int" LENGTH="10" UNSIGNED="true" NOTNULL="true" SEQUENCE="true" />
        <FIELD NAME="userid" TYPE="int" LENGTH="10" UNSIGNED="true" NOTNULL="true" SEQUENCE="false" />
        <FIELD NAME="quizid" TYPE="int" LENGTH="10" UNSIGNED="true" NOTNULL="true" SEQUENCE="false" />
        <FIELD NAME="questionid" TYPE="int" LENGTH="10" UNSIGNED="true" NOTNULL="true" SEQUENCE="false" />
        <FIELD NAME="response" TYPE="text" NOTNULL="false" SEQUENCE="false" />
        <FIELD NAME="correct" TYPE="int" LENGTH="1" UNSIGNED="true" NOTNULL="true" SEQUENCE="false" />
        <FIELD NAME="difficulty" TYPE="int" LENGTH="10" UNSIGNED="true" NOTNULL="true" SEQUENCE="false" />
      </FIELDS>
      <KEYS>
        <KEY NAME="primary" TYPE="primary" FIELDS="id" />
      </KEYS>
    </TABLE>
  </TABLES>
</XMLDB>
